geo,countryname,y2020m1,y2020m2,y2020m3,y2020m4,y2020m5,y2020m6,y2020m7,y2020m8,y2020m9,y2020m10,y2020m11,y2020m12,y2021m1,y2021m2,y2021m3,y2021m4,y2021m5,y2021m6,y2021m7,y2021m8,y2021m9,y2021m10,y2021m11,y2021m12,y2022m1,y2022m2,y2022m3,y2022m4,y2022m5,y2022m6,y2022m7,y2022m8,y2022m9,y2022m10,y2022m11,y2022m12,y2023m1,y2023m2,y2023m3,y2023m4,y2023m5,y2023m6,y2023m7,y2023m8,y2023m9,y2023m10,y2023m11,y2023m12,y2024m1,y2024m2,y2024m3,y2024m4,y2024m5,y2024m6,y2024m7,y2024m8,y2024m9,y2024m10,y2024m11,y2024m12,y2025m1,y2025m2,y2025m3,y2025m4,y2025m5,y2025m6,y2025m7,y2025m8,y2025m9,y2025m10,y2025m11,y2025m12,y2026m1,y2026m2,y2026m3,url
AL,Albania,105.02,104.56,100.67,97.55,96.34,95.70999999999999,95.33,95.40000000000001,95.31999999999999,94.5,94.01000000000001,94.09999999999999,94.12,95.95999999999999,96.29000000000001,96.63,99.27,99.67,103.65,104.18,104.39,109.6,112.29,113.16,113.17,117.34,133.64,138.68,140.43,150.75,140.4,139.29,136.28,140.31,129.04,122.63,123.63,117.4,114.88,112.52,109.49,108.98,110.19,115.93,118.71,119.88,119.93,115.92,115.04,114.86,114.8,114.77,111.83,111.02,110.99,109.16,108.88,107.83,107.18,107.85,107.81,107.86,107.8,107.85,108.29,108.3,108.39,108.4,108.26,108.34,108.3,108.39,,,,https://public.flourish.studio/country-flags/svg/al.svg
AT,Austria,106.03,103.17,96.09999999999999,91.75,86.93000000000001,87.63,90.13,90.48,90.43000000000001,89.23999999999999,88.81999999999999,91.43000000000001,94.15000000000001,97.76000000000001,102.2,103.28,104.92,106.22,109.51,111.08,111.51,118,122.76,121.15,121.85,126.25,153.75,153.8,157.5,172.81,178.01,159.63,159.23,164.54,159.58,140.59,143.77,143.51,139.94,138.47,132.91,133.55,135.45,144.89,150.59,148.86,143.15,136.51,138.06,143.31,143.25,146.08,142.08,139.19,141.12,137.11,131.69,131.19,131.88,133.19,138.05,138.56,134.15,131.83,129.05,131.7,134.33,132.73,131.77,131.61,135.03,131.39,129.34,131.67,157.25,https://public.flourish.studio/country-flags/svg/at.svg
BE,Belgium,120.53,114.52,106.96,97.42,96.81999999999999,103.29,106.92,106.51,105.36,104.83,104.11,107.36,109.11,112.27,117.16,116.31,118.12,120.16,123.52,123.39,125.36,132.62,137.9,131.84,136.57,141.53,154.6,149.67,156.58,167.6,160.59,150.74,147.61,157.62,157.28,139.46,140.63,141.64,140.24,143.36,137.29,139.17,140.12,149.16,154.04,149.96,146.74,140.43,138.8,144.3,144.55,147,142.8,140.4,141.54,135.95,132.37,133.65,134.35,135.91,137.7,139.11,133.42,130.51,130.49,132.4,134.26,132.6,133.4,131.83,135.8,130.98,128.05,131.12,155.31,https://public.flourish.studio/country-flags/svg/be.svg
BG,Bulgaria,105.09,105.16,100,86.92,82.72,81.62,83.89,85.59,85.41,85.52,86.01000000000001,86.44,88.97,92.72,97.56999999999999,100.54,100.68,101.19,105.08,109.14,109.5,114.92,119.67,119.48,120.26,123.99,139.7,145.66,152.12,161.11,154.45,143.5,136.2,133.25,131.88,124.21,130.37,129.58,127.41,124.78,120.03,118.2,118.51,128.61,135.1,135.33,132.69,128.64,125.4,128.43,129.57,130.59,128.03,125.3,125.64,123.29,119.53,118.63,120.03,122.06,125.15,126.66,124.51,118.31,114.21,114.95,116.66,114.56,114.6,114.05,116.89,117.41,116.67,117.01,131.92,https://public.flourish.studio/country-flags/svg/bg.svg
HR,Croatia,108.5,104.1,96.91,86.33,86.95,93.48999999999999,96.75,96.40000000000001,95.72,95.33,94.2,97.58,100.24,104.06,108.41,108.1,109.71,111.49,114.7,114.69,116.41,119.03,119.19,119.47,121.78,125.23,137.62,140.19,148.1,152.03,151.42,137.72,134.93,136.38,141.16,127.32,124.24,126.66,125.37,124.66,119.38,123.66,129.58,137.83,142.6,140.13,134.41,129.8,128.62,133.42,134.87,136.56,133.71,129.87,136.04,132.84,128.36,128.67,129.25,129.72,132.58,134.19,129.71,126.11,123.02,124.56,128.1,124.11,124.35,122.59,125.59,122.46,122.89,126.63,139.42,https://public.flourish.studio/country-flags/svg/hr.svg
CY,Cyprus,98.3,99.86,95.56999999999999,84.47,79.58,82.89,88.25,88.53,88.84999999999999,88.38,87.75,87.65000000000001,88.95999999999999,91.48999999999999,95.34999999999999,97.54000000000001,100.2,101.67,105.35,106.76,106.42,109.6,112.54,110.23,110.1,116.02,118.78,125.72,134.57,145.8,148.92,137.32,127.62,125.13,128.46,122.8,115.56,115.59,118.01,117.08,115.59,113.41,120.25,126.19,132.12,131.78,120.43,114.16,111.38,113.38,116.53,127.47,128.27,123.34,124.35,122.5,116.2,114.56,114.9,115.18,116.93,118.82,117.08,114.03,110.46,111.31,113.19,112.28,112.24,111.98,111.55,111.56,109.26,109.04,118.88,https://public.flourish.studio/country-flags/svg/cy.svg
CZ,Czechia,103.22,101.79,96.02,85.95,82.95999999999999,85.52,89.38,89.73,89.01000000000001,89.47,89.09999999999999,89.98,90.22,91.77,97.16,99.95999999999999,101.19,102.77,105.83,106.8,107.26,113.48,118.51,116.22,115.68,120.25,146.4,141.5,146.16,151.79,152.12,137.19,131.8,138.19,135.75,121.44,119.3,120.75,118.58,117.74,113.14,113.76,115.74,124.68,128.21,127.98,123.71,117.89,117.27,122.34,124.29,127.77,125.55,120.83,122.43,119.72,113.99,113.48,114.39,114.93,116.93,117.66,113.8,110.73,108.59,109.7,111.58,110.63,109.78,109.71,111.5,109.38,106.55,107.69,128.62,https://public.flourish.studio/country-flags/svg/cz.svg
DK,Denmark,108.28,103.74,94.89,86.19,87.51000000000001,92.23,95.08,95.44,95.48,94.98999999999999,92.53,95.98999999999999,98.45,101.71,106.06,105.97,107.34,109.38,112.12,112.54,114.01,120.99,124.11,118.01,121.9,127.82,142.78,141.25,152.43,167.26,157.89,144.49,141.02,150.35,140.71,128.16,134.32,134.4,133.54,134.55,128.72,129.87,128.41,137.29,139.58,135.74,130,124.87,131.11,134.95,134.29,137.5,134.44,133.04,136.49,131.37,124.55,127.92,127.46,128.54,137.29,136.91,131.97,130.61,129.63,130.73,129.95,130.58,130.67,130.76,133.21,128.67,127.57,129.59,146.75,https://public.flourish.studio/country-flags/svg/dk.svg
EE,Estonia,128.82,125.31,119.47,112.3,100.48,102.44,105.14,106.39,103.23,103.24,104.34,105.73,111.33,116.19,120.69,120.71,120.7,122.74,125.6,125.53,126.05,134.64,137.97,134.11,138.44,147.16,174.43,167.88,176.74,193.05,184.96,171.82,173.84,175.44,175.7,161.47,161.36,160.38,158.01,154.72,151.51,151.56,151.57,160.41,163.78,162.28,154.45,148.12,151.4,153.86,156.55,161.03,158.12,154.22,154.94,151.28,143.04,143.45,142.99,148.22,151.73,150.94,144.77,143.39,140.06,142.81,145.99,145.8,129.12,129.01,140.27,134.2,132.23,135.81,160.16,https://public.flourish.studio/country-flags/svg/ee.svg
FI,Finland,106.48,103,97.48999999999999,91,86.97,91.55,95.17,98.67,98.17,97.64,94.48999999999999,97.55,102.09,106.53,110.78,111.82,112.68,111.24,115.05,116.59,115.64,121.78,127.81,123.49,129.06,134.26,157.62,152.12,159.24,175.81,160.15,147.35,145.8,146.63,149.05,132.64,135.31,137.13,136.31,136.02,132.21,132.95,131.19,135.61,140.38,138.44,134.93,129.67,123.07,127.31,132.54,130.16,127,125.21,125.04,124.18,120.53,120.41,119.83,120.31,122.43,122.88,122.03,120.8,117.66,116.97,117.19,114.51,117.71,115.89,117.2,120.11,120.85,121.86,135.87,https://public.flourish.studio/country-flags/svg/fi.svg
FR,France,120.77,116.21,108.61,100.96,97.65000000000001,101.26,103.84,103.36,101.97,101.84,102.09,104.88,107.93,111.53,115.02,115.03,115.88,117.43,119.86,119.71,120.55,126.51,128.1,125.71,131.42,138.15,157.27,145.07,150.16,164.73,157.55,145.79,132.04,140.94,143.3,138.31,149.65,148.66,148.23,147.67,140.18,140.69,140.63,149.16,153.56,150.08,145.92,141.74,140.46,145.2,145.11,146.19,142.7,140.01,140.7,136.78,132.01,133.06,133.85,135.06,138.63,138.69,134.54,130.99,129.07,131.47,132.93,131.82,132.38,131.65,135.15,131.09,133.03,135.35,156.6,https://public.flourish.studio/country-flags/svg/fr.svg
DE,Germany,105.14,102.85,98.11,90.02,87.86,92.2,93.61,93.02,92.25,92.75,90.16,92.38,102.24,105.36,110.47,110.82,111.87,113.69,116.63,117.74,118.27,124.98,128.77,123.43,127.47,132.26,162.31,153.06,157.32,151.07,143.11,136.79,153.82,152.56,147.32,134.3,136.92,137.27,137.09,139.47,136.02,136.37,136.9,142.24,145.25,141.15,137.57,133.12,134.39,136.71,137.55,142.27,138.99,135.42,136.29,132.51,127.18,128.81,128.61,128.79,134.3,135.89,131.33,130.38,129.46,129.23,129.99,129.1,128.48,129.2,130.69,127.87,134.9,136.38,157.3,https://public.flourish.studio/country-flags/svg/de.svg
EL,Greece,109.76,107.69,101.82,93.3,91.06999999999999,94.68000000000001,96.97,97.01000000000001,96.77,96.34999999999999,95.89,96.95,99.22,102.68,107.46,108.19,108.73,109.58,112.95,113.87,114.27,117.72,119.65,117.9,120.65,126.48,138.71,139.63,148.55,159.59,150.27,138.36,134.47,138.81,140.72,128.09,128.03,128.99,128.6,129.17,123.48,125.31,126.63,132.41,135.55,130.19,127.57,123.83,123.21,127.02,129.37,132.18,130.13,126.2,127.42,124.64,118.58,120.56,120.86,121.33,124.06,124.66,120.68,118.82,116.91,118.72,118.95,118.9,119.37,118.62,119.99,119.06,117.38,118.78,133.81,https://public.flourish.studio/country-flags/svg/gr.svg
HU,Hungary,112.02,107.24,101.53,84.87,88.22,96.41,104.24,103.4,103.9,103.72,100.45,104.03,108.09,112.19,119.53,118.13,120.15,119.77,124.83,125.85,126.35,135.57,138.29,131.02,132.47,133.12,133.14,133.15,133.16,142.64,142.17,140.1,139.6,140.29,140.82,166.35,179.95,173.36,168.89,167.73,156.62,160.04,161.8,175.12,180.89,174.02,167.76,159.32,158.54,169.22,172.79,178.81,171,165.17,171.43,169.99,163.69,164.99,168.87,172.53,177.18,175.66,168.46,166.07,162.83,163.57,164.08,162.7,163.26,161.4,160.46,157.68,155.31,156.22,163.88,https://public.flourish.studio/country-flags/svg/hu.svg
IS,Iceland,118.08,115.63,112.66,107.47,103.79,104.69,107.73,108.7,108.68,108.45,107.81,108.89,112.28,114.77,119.42,118.37,117.94,118.17,122.81,124,125.39,130.62,133.12,131.83,132.5,137.21,148.39,149.88,154.19,170.24,172.64,165.99,162.69,164.73,166.21,163.28,164.45,163.81,162.7,159.64,156.71,157.15,155.42,156.29,159.82,161.49,160.2,158.86,160.29,160.9,160.24,161.03,160.57,159.18,159.08,157.85,155.75,155.6,154.07,154.09,159.76,161,159.99,159.05,157.44,155.95,155.9,154.62,154.63,154.72,154.94,152.41,112.6,106.04,112.41,https://public.flourish.studio/country-flags/svg/is.svg
IE,Ireland,109.21,107.71,105.24,100.02,98.06999999999999,98.79000000000001,100.83,101.25,100.36,99.87,100.12,94.48,96.93000000000001,99.56999999999999,105.86,107.76,108.85,110.48,113.7,114.16,115.46,123.19,127.66,126.33,126.71,130.82,148.67,141.83,145.2,162.44,159.17,147.07,142.56,143.6,146.61,127.3,126.51,127.72,125.85,123.65,118.48,121.3,122.34,128.78,139.86,142.51,138.24,131.68,129.7,132.16,133.41,137.74,137.3,134.54,134.88,134.04,130.62,128.36,131.13,133.24,135.97,138.3,136.1,133.24,129.15,128.68,131.67,131.32,130.97,132.73,134.79,134.84,132.91,133.86,150.61,https://public.flourish.studio/country-flags/svg/ie.svg
IT,Italy,106.3,104.7,102,97.2,92.8,93.2,95,94.8,94.3,93.7,93.3,95.5,98.3,100.4,104.5,105.6,106.4,107.3,109.9,110.7,110.8,114.9,118.2,117.1,117.8,123.5,136.1,125.3,128.1,137.6,138.8,126.3,124.7,123.6,123.5,120.9,126.8,129.7,127.5,126.3,122,122,123,129.4,133.2,132.4,126.5,122.6,121.7,126.4,126.7,128,126.3,123.5,125,122.6,118.8,117.9,118.4,119,121.7,123.4,121.2,117.8,115,116.2,118.5,116.9,116.7,116.2,117.9,117.7,115.3,116.6,125.8,https://public.flourish.studio/country-flags/svg/it.svg
LV,Latvia,118.72,114.35,106.29,91.14,88.77,96.97,100.28,99.73999999999999,99.59999999999999,97,96.08,99.01000000000001,103.71,109,112.73,113.74,114.97,116.23,118.11,118.81,118.88,129.44,133.7,128.97,130.94,137.9,161.58,165.83,173.84,186.36,179.04,166.87,163.42,171.16,171.85,152.19,154.35,154.61,149.47,147.81,140.12,137.02,139.98,149.13,156.35,156.7,151.19,143.7,144.62,151.87,153.59,154.46,152.67,146.47,148.43,142.65,135.84,138.84,138.59,142.57,147.4,150.08,143.79,144.54,137.57,140.95,144.67,141.6,140,141.18,142.09,140.31,136.14,140.78,170.41,https://public.flourish.studio/country-flags/svg/lv.svg
LT,Lithuania,108.83,105.48,98.28,90.67,85.11,88.65000000000001,93.65000000000001,93.98999999999999,93.29000000000001,91.86,91.8,94.75,97.31,101.52,107.38,105.71,106.29,107.67,111.5,111.96,114.62,123.13,127.88,127.88,127.19,131.73,151.62,148.06,158.8,176.59,166.03,154.96,151.75,155.07,151.6,139.73,136.55,136.32,133.92,133.14,125.62,126.4,126.34,133.74,138.53,137.19,132.67,129.31,128.34,134.57,134.7,135.59,131.59,129.65,130.54,128.12,122.26,123.39,125.64,128.21,138.78,139.83,135.96,132.59,127.88,128.44,128.56,126.71,126.88,127.63,131.2,129.57,131.4,134.85,157.22,https://public.flourish.studio/country-flags/svg/lt.svg
LU,Luxembourg,111.69,106.33,97.56999999999999,85.51000000000001,83.08,90.13,93.89,94.17,91.86,91.56999999999999,90.81999999999999,93.91,101.46,106.22,111.18,110.07,112.91,114.93,118.21,118.5,120.08,129.85,134.18,127.19,133.38,141.1,160.01,161.39,167.95,183.14,172.38,160.63,166.91,177.69,167.41,147.77,149.1,147.94,146.04,142.64,135.36,138.62,139.24,151.28,157.11,152.86,146.97,139.86,140.41,148.22,147.15,150.43,143.99,140.99,144.51,139.1,132.44,135.13,135.33,136.69,142.16,142.5,136.81,133.07,130.55,133.06,136.39,134.63,135.69,134.87,139.87,133.35,131.59,134.81,158.42,https://public.flourish.studio/country-flags/svg/lu.svg
MK,North Macedonia,107.68,103.98,95.61,79.16,81.52,90.09,94.37,93.31999999999999,92.08,91.92,91.38,94.06,95.77,96.90000000000001,102.63,103.76,105.6,106.3,111.34,111.59,112.35,116.84,120.22,115.42,118.11,126.88,134.66,133.37,143.29,168.17,166.79,148.44,144.17,145.85,149.62,131.98,130.54,133.17,131.65,131.08,123.92,125.91,125.14,133.49,138.93,134.44,130.33,125.52,124.26,129.9,131.52,134.59,133.26,127.8,130.23,125.85,119.41,120.57,121.83,122.91,125.55,127.27,122.42,118.21,117.07,118.75,120.89,119.54,120.24,118.95,120.32,119.19,114.98,118.33,131.79,https://public.flourish.studio/country-flags/svg/mk.svg
MT,Malta,102.65,102.65,102.65,102.65,102.65,99.84,97.38,97.38,97.38,97.38,97.38,97.38,97.38,97.38,97.38,97.38,97.38,97.38,97.38,97.38,97.38,97.38,97.38,97.38,97.38,97.38,97.38,97.38,97.38,97.38,97.38,97.38,97.38,97.38,97.38,97.38,97.38,97.38,97.38,97.38,97.38,97.38,97.38,97.38,97.38,97.38,97.38,97.38,97.38,97.38,97.38,97.38,97.38,97.38,97.38,97.38,97.38,97.38,97.38,97.38,97.38,97.38,97.38,97.38,97.38,97.38,97.38,97.38,97.38,97.38,97.38,97.38,97.38,97.38,97.38,https://public.flourish.studio/country-flags/svg/mt.svg
ME,Montenegro,112.34,108.37,101.77,87.94,86.84999999999999,91.14,94.29000000000001,94.84,93.84999999999999,93.06,92.34999999999999,95.12,97.34999999999999,100.6,105.5,105.72,107.16,108.58,112.05,111.86,112.23,117.64,120.72,116.75,119.38,126.86,141.83,150.3,143.58,145.16,147.96,132.31,132.08,132.18,138.39,129.89,129.66,130.45,133.4,130.43,123.92,124.35,125.99,134.78,140.85,141.56,135.08,129.2,127.52,132.4,133.94,134.28,131.27,127.71,130.64,126.27,122.25,121.07,122,124.06,126.12,129.98,127.06,122.8,118.58,119.57,124.81,123.35,122.95,122.42,124.77,123.11,117.98,121.78,132.86,https://public.flourish.studio/country-flags/svg/me.svg
NL,Netherlands,110.96,108.36,101.75,95.84,96.11,99.27,100.72,100.72,100.13,99.98999999999999,98.48,100.66,104.92,109.12,112.59,113.37,115.11,116.58,119,119.16,120.53,127.25,131.06,128.67,131.04,135.3,153.7,141.45,146.5,157.16,148.24,139.12,134.26,136.76,130.27,119.64,123.77,122.64,121.68,123.49,119.61,120.7,131.82,138.27,141.64,137.12,132.9,127.52,129.06,133.17,135.18,139.29,135.54,133.06,133.74,130.46,125.6,127.46,130.96,131.09,132.19,132.48,128.25,126.9,125.34,127.57,127.63,127.84,130.16,129.99,131.74,128.49,134.15,135.94,152.4,https://public.flourish.studio/country-flags/svg/nl.svg
NO,Norway,114.89,111.8,108.82,101.58,102.04,105.26,109.6,106.57,101.81,102.19,97.19,103.63,110.21,111.92,111.35,113.34,114.33,115.72,121.28,120.85,119.64,123.72,126.45,126.31,128.33,135.63,158.48,151.87,160.54,181.04,178.92,156.82,159.11,167.23,160.51,146.33,151.15,149.67,156.15,152.74,147.13,146.75,146.97,154.24,157.35,156.96,155.39,150.25,144.46,154.64,151.75,155.76,156.57,159.17,155.3,150.28,146.27,149.4,154.32,152.13,151.12,152.16,148.62,141.34,142.55,139.89,151.82,148.26,149.68,148.65,148.06,148.75,147.72,144.65,170.48,https://public.flourish.studio/country-flags/svg/no.svg
PL,Poland,111.14,109.39,104.33,90.95999999999999,86.88,91.62,93.73,96.79000000000001,98.28,97.31,97.56999999999999,100.47,103.03,105.54,112.46,116.5,115.42,116.39,121.51,123.77,126.32,130.31,133.23,133.49,127.63,117.4,149.96,148.91,156.27,170.77,166.27,152.66,149.33,155.38,153.44,151.06,151.08,152.97,150.24,148.53,141.45,140.18,140.67,143.33,139.03,133.43,144.99,142.33,139.07,143.44,143.62,146.66,146.18,142.13,142.13,140.88,136.25,133.34,136.39,136.84,139.27,139.93,137.12,134.85,129.92,128.22,132.78,130.33,129.76,130.95,133.72,132.56,129.45,128.88,148.77,https://public.flourish.studio/country-flags/svg/pl.svg
PT,Portugal,116.65,113.95,106.78,98.7,96.37,100.49,103.83,104.13,103.19,102.52,102.29,105.13,109.79,110.82,114.74,115.29,117.22,119.78,122.49,122.14,123.29,127.09,128.3,125.03,128.91,135.19,150.05,153.29,147.99,161.33,154.89,142.46,140.8,147.54,142.09,128.73,131.32,128.41,126.91,125.36,121.21,124.24,126.92,138.71,143.12,139.85,134.4,128.32,127.72,132.8,132.97,135.05,131.16,129.08,130.88,127.54,126.27,128.58,129.43,130.79,134.48,135.09,131.16,128.78,126.2,127.84,129.78,128.72,129.02,128.07,131.52,128.37,127.35,129.66,147.16,https://public.flourish.studio/country-flags/svg/pt.svg
RO,Romania,100.2,97.68000000000001,92.19,87.06,83.63,85.2,87.17,86.81,85.37,86.76000000000001,86.84999999999999,90.08,93.34,97.27,101.11,101.92,103.31,105.23,108.46,108.65,110.42,115.66,115.5,112.6,119.34,127.5,142.76,144.78,151.01,158.42,151.77,144.72,137.73,137.1,141.27,125.22,126.79,126.87,127.18,126.7,120.9,124.11,124.92,132.46,135.82,133.4,128.43,124.8,127.68,132.28,134,136.51,133.86,131.14,138.6,135.59,129.93,131.92,132.6,132.64,138.44,140.62,136.49,131.66,130.75,133.7,133.82,139.11,141.09,139.33,142.34,139.02,143.44,146.63,163.3,https://public.flourish.studio/country-flags/svg/ro.svg
RS,Serbia,111.67,109.98,107.45,98.73,92.12,92.09999999999999,96.92,99.47,99.81,98.87,97.51000000000001,98.2,100.76,103.69,108.16,109.88,110.65,112.17,114.97,115.97,115.57,119,121.21,120.6,122.25,125.3,127.97,131.56,136.24,142.56,147.46,140.13,138.99,139.78,141.85,131.68,128.68,130.61,130.76,130.78,127.95,129.47,129.64,137.25,142.2,142.45,138.09,132.91,132.68,137.77,138.32,142.62,143.55,139.9,142.44,137.73,132.81,133.42,134.19,134.8,137.84,139.44,136.9,133.36,130.15,131.88,134.18,133.3,134.49,133.61,136.86,135.44,132.13,134.03,140.03,https://public.flourish.studio/country-flags/svg/rs.svg
SK,Slovakia,106.11,102.57,96.81,88.91,86.45,88.27,92.43000000000001,91.61,90.56999999999999,91.8,91.36,93.95999999999999,96.70999999999999,101.2,105.27,106.22,106.52,107.39,111.17,111.9,112.72,117.88,119.84,117.68,119.13,123.45,134.58,139.34,145.68,154.01,151.78,142.8,138.79,141.93,140.12,126.06,125.77,128.01,124.97,126.72,123.4,125.44,127.03,136.31,137.92,133.06,129.63,124.24,125.31,130.91,131.3,133.92,129.76,127.5,128.59,124.83,119.35,120.45,121.55,122.38,127.93,128.09,123.2,121.43,119.41,121.19,121.4,121.28,122.87,121.24,123.41,118.67,117.45,119.7,125.11,https://public.flourish.studio/country-flags/svg/sk.svg
SI,Slovenia,104.82,100.85,99.04000000000001,82.29000000000001,81.63,81.72,81.95999999999999,82.22,81.78,81.91,80.69,83.98999999999999,87.51000000000001,90.98,96.16,96.37,98.3,99.88,104.06,105.18,105.22,111.26,116.08,111.68,113.35,115.19,124.73,124.88,135.11,134.02,146.41,136.1,133.95,125.82,132.99,124.99,115.47,118.97,118.97,118.68,118.47,118.51,122.72,128.56,130.64,133.38,130.37,121.66,116.06,118.67,123.6,125.89,125.43,120.68,121.72,125.97,123.45,120.63,123.59,124.38,125.8,128.24,126.49,122.6,117.42,118.08,119.82,118.82,118.58,119.43,118.88,119.08,113.89,115.88,118.96,https://public.flourish.studio/country-flags/svg/si.svg
ES,Spain,111.53,109,100.74,91.98,90.70999999999999,94.05,97,97.08,95.98999999999999,95.18000000000001,95.09,98.37,100.92,104.36,108.49,108.54,111.1,113.54,115.66,115.97,117.56,122.37,124.68,121.76,125.62,132.35,152.14,135.65,143.55,157.75,150.4,137.86,135.58,139.52,138.05,122.3,136.12,133,131.13,132.6,126.42,127.75,130.51,139.94,144.43,141.19,135.15,129.72,129.5,134.23,135.38,137.97,134.6,131.63,132.47,128.57,122.87,123.15,124.11,125.44,129.69,130.53,126.59,123.1,120.08,121.57,124.42,123.31,123.13,122.32,124.75,122.6,121.06,123.53,141.26,https://public.flourish.studio/country-flags/svg/es.svg
SE,Sweden,121.34,117.58,107,97.41,99.55,105.08,107.51,106.39,105.58,105.48,103.84,106.23,109.56,113.64,118.06,118.21,119.63,121.45,125.11,128.31,130.08,137.33,139.98,135.43,145.07,153.1,172.31,170.36,168.72,186.26,175.77,163.64,160.6,181.24,172.01,157.19,163.01,160.01,159.39,159.22,151.7,157.08,157.72,169.51,175.23,167.75,161.07,153.04,136.14,141.24,141.37,144.68,140.43,137.07,139.8,134.36,127.15,130.1,131.93,132.32,133.22,131.32,124.13,120.33,118.3,121.38,123.52,122.34,122.55,121.8,124.81,117.75,117.07,119.73,144.2,https://public.flourish.studio/country-flags/svg/se.svg
CH,Switzerland,107.3,104.8,100.43,95.38,93.11,93.56,94.26000000000001,94.11,94.18000000000001,94.11,93.98999999999999,95.14,100.08,104.12,108.93,109.97,111.01,111.84,115.19,114.61,113.91,117.76,121.27,119.28,118.27,124.52,135.31,138.71,140.88,151.29,151.54,146.55,139.33,132.04,134.32,125.02,123.46,125.43,125.22,124.28,123.07,121.68,121.14,127.12,130.32,129.42,125.23,120.92,119.9,121.95,123.39,126,127.4,125.5,124.69,124.11,120.11,117.19,116.91,117.73,118.04,118.28,116.85,116.47,116.19,114.04,114.92,114.13,113.94,113.35,113.74,114.55,112.85,111.94,117.93,https://public.flourish.studio/country-flags/svg/ch.svg
